type,query,Generated code,Generated commentary,dataset_csv,executed,Expected response
Interaction Effects,Analyze the interaction effect between the number of bedrooms and whether a house has a basement on house prices.,"```python
import pandas as pd
import statsmodels.api as sm
import statsmodels.formula.api as smf

# Create a copy of the original DataFrame
df = df.copy()

# Check for missing values in relevant columns
missing_values = df[['price', 'bedrooms', 'basement']].isnull().sum()
if missing_values.any():
    raise ValueError(f""Missing values found in columns: {missing_values[missing_values > 0].index.tolist()}"")

# Convert 'basement' to a categorical variable
df['basement'] = df['basement'].astype('category')

# Define the regression formula with interaction term
formula = 'price ~ bedrooms * basement'

# Prepare the data for regression
X = df[['bedrooms', 'basement']]
y = df['price']

# Add a constant to the model
X = sm.add_constant(X)

# Fit the model
try:
    model = sm.OLS(y.astype(float), X.astype(float)).fit()
except Exception as e:
    raise RuntimeError(f""Model fitting failed: {e}"")

# Output the summary of the model
model_summary = model.summary()
print(model_summary)
```","The code begins by creating a copy of the DataFrame to avoid modifying the original data. It checks for missing values in the relevant columns and raises an error if any are found. The 'basement' column is converted to a categorical variable to ensure proper handling in the regression model. The regression formula is defined to include an interaction term between the number of bedrooms and the basement variable. The model is then fitted using the Ordinary Least Squares (OLS) method from the statsmodels library, and any errors during the fitting process are caught and reported. Finally, the summary of the fitted model is printed, which will provide insights into the interaction effect on house prices.",Housing copy.csv,0,"import pandas as pd
import statsmodels.api as sm
import statsmodels.formula.api as smf

# Create a copy of the original DataFrame
df = df.copy()

# Check for missing values in relevant columns
missing_values = df[['price', 'bedrooms', 'basement']].isnull().sum()
if missing_values.any():
    raise ValueError(f""Missing values found in columns: {missing_values[missing_values > 0].index.tolist()}"")

value_dict = {x:i for x,i in zip(df['basement'].unique(),range(len(df['basement'].unique())))}

# Convert 'basement' to a categorical variable
df['basement'] = df['basement'].map(value_dict)

# Define the regression formula with interaction term
formula = 'price ~ bedrooms * basement'

# Prepare the data for regression
X = df[['bedrooms', 'basement']]
y = df['price']

# Add a constant to the model
X = sm.add_constant(X)

# Fit the model
try:
    model = sm.OLS(y.astype(float), X.astype(float)).fit()
except Exception as e:
    raise RuntimeError(f""Model fitting failed: {e}"")

# Output the summary of the model
model_summary = model.summary()
print(model_summary)"
ANOVA,Perform an ANOVA to analyze the difference in 'Food' index across different years.,"```python
import pandas as pd
import statsmodels.api as sm
from statsmodels.formula.api import ols

# Create a copy of the original DataFrame
df = df.copy()

# Check for missing values in 'Food' and 'Year'
if df[['Food', 'Year']].isnull().any().any():
    # Drop rows with missing values in 'Food' or 'Year'
    df = df.dropna(subset=['Food', 'Year'])

# Ensure 'Year' is treated as a categorical variable
df['Year'] = df['Year'].astype('category')

# Fit the ANOVA model
model = ols('Food ~ C(Year)', data=df).fit()
anova_table = sm.stats.anova_lm(model, typ=2)

# Output the ANOVA table
print(anova_table)
```","In this code, we first create a copy of the DataFrame to avoid modifying the original data. We then check for missing values in the 'Food' and 'Year' columns and drop any rows that contain missing values. The 'Year' column is converted to a categorical type to ensure it is treated correctly in the ANOVA analysis. We then fit an ANOVA model using the `ols` function from `statsmodels`, specifying 'Food' as the dependent variable and 'Year' as the independent variable. Finally, we generate the ANOVA table using `sm.stats.anova_lm`, which provides the results of the analysis, including the F-statistic and p-values to assess the significance of the differences in the 'Food' index across different years.",2022_Japan_CPI_GoodsAndServiceClassificationIndex.csv,0,"
import pandas as pd
import statsmodels.api as sm
from statsmodels.formula.api import ols

# Create a copy of the original DataFrame
df = df.copy()

# Check for missing values in 'Food' and 'Year'
if df[['Food', 'Year']].isnull().any().any():
    # Drop rows with missing values in 'Food' or 'Year'
    df = df.dropna(subset=['Food', 'Year'])

# Ensure 'Year' is treated as a categorical variable
df['Year'] = df['Year'].astype('category')

# Fit the ANOVA model
model = ols('Food ~ C(Year)', data=df).fit()
try:
    anova_table = sm.stats.anova_lm(model, typ=2)
    print(anova_table)
except ValueError as e:
    print(""The data is ill-specified, using this statistical model is not appropriate"")
except Exception as e:
    print(""An error has occured"",e)
    

"
Logistic Regression,"Predict the likelihood of a customer having a high Spending Score based on their Annual Income, Age, and Work Experience.","```python
import pandas as pd
import statsmodels.api as sm

# Assuming df is already defined and is a copy of the original dataset
df = df.copy()

# Step 1: Check for missing values
if df.isnull().sum().any():
    raise ValueError(""The dataset contains missing values. Please handle them before proceeding."")

# Step 2: Create a binary target variable for high Spending Score
df['High Spending Score'] = (df['Spending Score (1-100)'] >= 50).astype(int)

# Step 3: Define the predictor variables and the target variable
X = df[['Annual Income ($)', 'Age', 'Work Experience']]
y = df['High Spending Score']

# Step 4: Add a constant to the predictor variables
X = sm.add_constant(X)

# Step 5: Fit the logistic regression model
try:
    model = sm.Logit(y.astype(float), X.astype(float))
    result = model.fit()
except Exception as e:
    raise ValueError(f""Model fitting failed: {e}"")

# Step 6: Output the summary of the model
print(result.summary())
```","The code begins by checking for missing values in the dataset. If any are found, it raises an error to prompt the user to handle them. Next, we create a binary target variable, 'High Spending Score', which indicates whether a customer's Spending Score is high (50 or above). We then select the predictor variables: Annual Income, Age, and Work Experience, and add a constant term to the predictors for the logistic regression model. Finally, we fit the logistic regression model using the `Logit` function from the statsmodels library and handle any potential errors during the fitting process. The summary of the model is printed to provide insights into the relationship between the predictors and the likelihood of having a high Spending Score.",Customers.csv,0,"
import pandas as pd
import statsmodels.api as sm

# Assuming df is already defined and is a copy of the original dataset
df = df.copy()
# Step 1: Check for missing values
if df.isnull().sum().any():
    print(""The dataset contains missing values. Please handle them before proceeding."")

# Step 2: Create a binary target variable for high Spending Score
df['High Spending Score'] = (df['Spending Score (1-100)'] >= 50).astype(int)

# Step 3: Define the predictor variables and the target variable
X = df[['Annual Income ($)', 'Age', 'Work Experience']]
y = df['High Spending Score']

# Step 4: Add a constant to the predictor variables
X = sm.add_constant(X)

# Step 5: Fit the logistic regression model
try:
    model = sm.Logit(y.astype(float), X.astype(float))
    result = model.fit()
# Step 6: Output the summary of the model
    print(result.summary())
except ValueError as e:
    print(""The data is ill-specified, using this statistical model is not appropriate"")
except Exception as e:
    print(""An error has occured"",e)

"
ANOVA,Test if the mean Spending Score differs significantly across different Professions.,"```python
import pandas as pd
import statsmodels.api as sm
from statsmodels.formula.api import ols

# Assuming df is already defined and is a copy of the original dataset
df = df.copy()

# Step 1: Check for missing values
if df.isnull().values.any():
    raise ValueError(""The dataset contains missing values. Please handle them before proceeding."")

# Step 2: Define the model
# We will use ols to fit the model
model = ols('Q(""Spending Score (1-100)"") ~ C(Profession)', data=df).fit()

# Step 3: Perform ANOVA
anova_table = sm.stats.anova_lm(model, typ=2)

# Output the ANOVA table
print(anova_table)
```","The code performs an ANOVA test to determine if there are significant differences in the mean Spending Score across different professions. We first check for missing values in the dataset and raise an error if any are found. The model is defined using the ordinary least squares (OLS) method, treating 'Profession' as a categorical variable. Finally, we perform the ANOVA test and print the results, which will indicate whether the means are significantly different across the groups.",Customers.csv,0,"
import pandas as pd
import statsmodels.api as sm
from statsmodels.formula.api import ols

# Assuming df is already defined and is a copy of the original dataset
df = df.copy()


# Step 1: Check for missing values
if df.isnull().values.any():
    print(""The dataset contains missing values. Please handle them before proceeding."")

# Step 2: Define the model
# We will use ols to fit the model
model = ols('Q(""Spending Score (1-100)"") ~ C(Profession)', data=df).fit()

# Step 3: Perform ANOVA
anova_table = sm.stats.anova_lm(model, typ=2)

# Output the ANOVA table
print(anova_table)
"
Time Series Analysis,Analyze if there is a trend in Spending Score based on Age progression for the customers.,"```python
import pandas as pd
import statsmodels.api as sm

# Assuming df is already defined and is a copy of the original dataset
df = df.copy()

# Check for missing values
if df.isnull().sum().any():
    df = df.dropna()  # Dropping missing values for simplicity

# Define the dependent variable (y) and independent variables (X)
y = df['Spending Score (1-100)']
X = df[['Age', 'Gender', 'Profession']]

# Convert categorical variables to the appropriate format
X['Gender'] = pd.Categorical(X['Gender'])
X['Profession'] = pd.Categorical(X['Profession'])

# Add a constant to the model
X = sm.add_constant(X)

# Convert X and y to float
X = X.astype(float)
y = y.astype(float)

# Fit the regression model
try:
    model = sm.OLS(y, X).fit()
except Exception as e:
    print(f""Model fitting failed: {e}"")

# Print the summary of the regression model
print(model.summary())
```","The code begins by checking for any missing values in the dataset and drops them if found. We then define our dependent variable (Spending Score) and independent variables (Age, Gender, and Profession). Categorical variables are converted to a suitable format for regression analysis. A constant term is added to the predictor variables to account for the intercept in the regression model. Finally, we fit the Ordinary Least Squares (OLS) regression model and print the summary of the results, which will provide insights into the relationship between Age and Spending Score, while also considering the effects of Gender and Profession.",Customers.csv,0,"
import pandas as pd
import statsmodels.api as sm

# Assuming df is already defined and is a copy of the original dataset
df = df.copy()

# Check for missing values
if df.isnull().sum().any():
    df = df.dropna()  # Dropping missing values for simplicity

# Define the dependent variable (y) and independent variables (X)
y = df['Spending Score (1-100)']
X = df[['Age', 'Gender', 'Profession']]

# Convert categorical variables to the appropriate format
value_dict_gender = {x:i for x,i in zip(X['Gender'].unique(),range(len(df['Gender'].unique())))}
X['Gender'] = X['Gender'].map(value_dict_gender)
value_dict_profession = {x:i for x,i in zip(X['Profession'].unique(),range(len(df['Profession'].unique())))}
X['Profession'] = X['Profession'].map(value_dict_profession)

#print value dicts
print(""This is what categories for gender are:"", value_dict_gender)
print(""This is what categories for profession are:"", value_dict_profession)

# Add a constant to the model
X = sm.add_constant(X)

# Convert X and y to float
X = X.astype(float)
y = y.astype(float)

# display(X)
# Fit the regression model
try:
    model = sm.OLS(y, X).fit()
except Exception as e:
    print(f""Model fitting failed: {e}"")

# # Print the summary of the regression model
print(model.summary())


"
Interaction Effects,Examine the interaction effect between Gender and Profession on Spending Score.,"```python
import pandas as pd
import statsmodels.api as sm
import statsmodels.formula.api as smf

# Create a copy of the original DataFrame
df = df.copy()

# Check for missing values in the relevant columns
missing_values = df[['Gender', 'Profession', 'Spending Score (1-100)']].isnull().sum()
if missing_values.any():
    raise ValueError(f""Missing values found in the following columns: {missing_values[missing_values > 0]}"")

# Define the formula for the regression model
formula = 'Q(""Spending Score (1-100)"") ~ C(Gender) * C(Profession)'

# Fit the regression model
try:
    model = smf.ols(formula=formula, data=df).fit()
except Exception as e:
    raise RuntimeError(f""Model fitting failed: {e}"")

# Output the summary of the regression model
model_summary = model.summary()
print(model_summary)
```","In this analysis, we are examining the interaction effect between Gender and Profession on Spending Score using an Ordinary Least Squares (OLS) regression model. We first check for any missing values in the relevant columns and handle them accordingly. The categorical variables Gender and Profession are processed using `C()` to ensure they are treated as categorical in the regression. The interaction term is included in the formula using the `*` operator. After fitting the model, we print the summary to interpret the results, which will provide insights into how the interaction between Gender and Profession affects Spending Score.",Customers.csv,0,"
import pandas as pd
import statsmodels.api as sm
import statsmodels.formula.api as smf

# Create a copy of the original DataFrame
df = df.copy()

# Check for missing values in the relevant columns
missing_values = df[['Gender', 'Profession', 'Spending Score (1-100)']].isnull().sum()
if missing_values.any():
    print(f""Missing values found in the following columns: {missing_values[missing_values > 0]}"")

# Define the formula for the regression model
formula = 'Q(""Spending Score (1-100)"") ~ C(Gender) * C(Profession)'

# Fit the regression model
try:
    model = smf.ols(formula=formula, data=df).fit()
except Exception as e:
    raise RuntimeError(f""Model fitting failed: {e}"")

# Output the summary of the regression model
model_summary = model.summary()
print(model_summary)
"
Polynomial Regression,Model the relationship between Annual Income and Spending Score using a polynomial regression approach.,"```python
import pandas as pd
import numpy as np
import statsmodels.api as sm
from sklearn.preprocessing import PolynomialFeatures

# Assuming df is already defined and loaded
df = df.copy()

# Check for missing values
if df.isnull().sum().any():
    raise ValueError(""The dataset contains missing values. Please handle them before proceeding."")

# Define independent and dependent variables
X = df[['Annual Income ($)']]
y = df['Spending Score (1-100)']

# Convert to float
X = X.astype(float)
y = y.astype(float)

# Create polynomial features
poly = PolynomialFeatures(degree=2)  # You can change the degree as needed
X_poly = poly.fit_transform(X)

# Add constant term for statsmodels
X_poly = sm.add_constant(X_poly)

# Fit the model
try:
    model = sm.OLS(y, X_poly).fit()
except Exception as e:
    raise ValueError(f""Model fitting failed: {e}"")

# Output the summary of the model
model_summary = model.summary()
print(model_summary)
```","The code performs polynomial regression to model the relationship between Annual Income and Spending Score. It first checks for missing values and raises an error if any are found. The independent variable is transformed into polynomial features, and a constant term is added to the model. The Ordinary Least Squares (OLS) method from statsmodels is used to fit the model, and any errors during fitting are caught and reported. Finally, the summary of the model is printed, which includes coefficients, R-squared values, and other statistical metrics.",Customers.csv,0,"
import pandas as pd
import numpy as np
import statsmodels.api as sm
from sklearn.preprocessing import PolynomialFeatures

# Assuming df is already defined and loaded
df = df.copy()

# Check for missing values
if df.isnull().sum().any():
    print(""The dataset contains missing values. Please handle them before proceeding."")
    # Optionally, you could handle missing values here, e.g., df = df.dropna()

# Define independent and dependent variables
X = df[['Annual Income ($)']]
y = df['Spending Score (1-100)']

# Convert to float
X = X.astype(float)
y = y.astype(float)

# Create polynomial features
poly = PolynomialFeatures(degree=2)  # You can change the degree as needed
X_poly = poly.fit_transform(X)

# Add a constant (intercept) to the model
X_poly = sm.add_constant(X_poly)

# Fit the polynomial regression model using Ordinary Least Squares (OLS)
model = sm.OLS(y, X_poly).fit()

# Output the summary of the model
model_summary = model.summary()
print(model_summary)
"
